{
  "image": "Hipp2.1.tiff",
  "roi_vertices": [],
  "subareas": [
    {
      "areaname": "area1",
      "subarea_id": 1,
      "vertices": [
        [
          532.129374825007,
          111.91174353025872
        ],
        [
          630.5374385024598,
          161.46976120955162
        ],
        [
          717.6179552817887,
          239.34664613415464
        ],
        [
          757.2643694252229,
          298.10829566817324
        ],
        [
          760.8042278308867,
          356.8699452021919
        ],
        [
          637.6171553137874,
          388.0206991720331
        ],
        [
          524.3416863325466,
          306.6039558417663
        ],
        [
          438.67711291548335,
          257.0459381624735
        ],
        [
          416.7299908003679,
          181.2929682812687
        ],
        [
          434.42928282868684,
          133.85886564537418
        ]
      ],
      "area_pixels": 56662,
      "selected_pixels": 3113,
      "percent_selected": 5.49,
      "threshold": 98.51438492063494,
      "mean_intensity": 42.00160601461297
    }
  ]
}