{
  "image": "Hipp2.1.tiff",
  "roi_vertices": [],
  "subareas": [
    {
      "areaname": "area3",
      "subarea_id": 1,
      "vertices": [
        [
          500.7995413516791,
          135.20105195792166
        ],
        [
          684.248203405197,
          209.939395757503
        ],
        [
          790.4106235750569,
          349.2244910203591
        ],
        [
          778.5204325160325,
          426.5107329040171
        ],
        [
          462.58107009052964,
          399.333153340533
        ],
        [
          400.58221671133145,
          328.841306347746
        ],
        [
          416.7189045771501,
          240.51417276642258
        ]
      ],
      "area_pixels": 75914,
      "selected_pixels": 2488,
      "percent_selected": 3.28,
      "threshold": 126.5,
      "mean_intensity": 42.43192296546091
    },
    {
      "areaname": "area3",
      "subarea_id": 2,
      "vertices": [
        [
          500.7995413516791,
          135.20105195792166
        ],
        [
          684.248203405197,
          209.939395757503
        ],
        [
          790.4106235750569,
          349.2244910203591
        ],
        [
          778.5204325160325,
          426.5107329040171
        ],
        [
          462.58107009052964,
          399.333153340533
        ],
        [
          400.58221671133145,
          328.841306347746
        ],
        [
          416.7189045771501,
          240.51417276642258
        ]
      ],
      "area_pixels": 75914,
      "selected_pixels": 2488,
      "percent_selected": 3.28,
      "threshold": 126.5,
      "mean_intensity": 42.43192296546091
    },
    {
      "areaname": "area3",
      "subarea_id": 3,
      "vertices": [
        [
          174.66858658986962,
          290.6228350865965
        ],
        [
          231.5716438009145,
          223.528185539245
        ],
        [
          302.0634907937014,
          236.26767595962826
        ],
        [
          330.93966907990335,
          307.6088223137741
        ],
        [
          364.0623441728996,
          395.0866565337386
        ],
        [
          348.7749556684399,
          446.0446182152714
        ],
        [
          271.48871378478185,
          461.33200671973117
        ],
        [
          194.20247190112383,
          437.5516246016826
        ],
        [
          114.36833193338924,
          396.78525525645637
        ],
        [
          166.17559297628083,
          350.92308974307696
        ]
      ],
      "area_pixels": 37116,
      "selected_pixels": 404,
      "percent_selected": 1.09,
      "threshold": 126.5,
      "mean_intensity": 31.317895247332686
    }
  ]
}